<application>
  <component name="UpdatesConfigurable">
    <option name="LAST_BUILD_CHECKED" value="GO-233.15026.17" />
    <option name="LAST_TIME_CHECKED" value="1724183356756" />
    <option name="OBSOLETE_CUSTOM_REPOSITORIES_CLEAN_NEEDED" value="false" />
    <pluginHosts>
      <item value="https://plugins.jetbrains.com/plugins/dev/14839" />
    </pluginHosts>
    <option name="THIRD_PARTY_PLUGINS_ALLOWED" value="true" />
    <option name="WHATS_NEW_SHOWN_FOR" value="233" />
  </component>
</application>