<application>
  <component name="LocalDatabaseDriverManager" version="201">
    <driver id="postgresql">
      <artifact id="PostgreSQL" name="PostgreSQL" use="true" version="42.5.0" />
    </driver>
    <driver id="sqlite.xerial">
      <artifact id="Xerial SQLiteJDBC" name="Xerial SQLiteJDBC" use="true" version="3.36.0.3" />
    </driver>
    <driver id="com.jetbrains.jdbc.sqlserver.SqlServerDriver" name="com.jetbrains.jdbc.sqlserver.SqlServerDriver" driver-class="com.jetbrains.jdbc.sqlserver.SqlServerDriver" />
  </component>
</application>