<application>
  <component name="LocalDatabaseDriverManager" version="201">
    <driver id="mariadb">
      <artifact id="MariaDB Connector J" name="MariaDB Connector J" use="true" version="3.0.7" />
    </driver>
    <driver id="sqlserver.ms">
      <artifact id="SQL Server" name="SQL Server" use="true" version="11.2.1" />
    </driver>
    <driver id="oracle.19">
      <artifact id="Oracle" name="Oracle" use="true" version="21.5.0.0" />
    </driver>
    <driver id="postgresql">
      <artifact id="PostgreSQL" name="PostgreSQL" use="true" version="42.4.0" />
    </driver>
    <driver id="sqlite.xerial">
      <artifact id="Xerial SQLiteJDBC" name="Xerial SQLiteJDBC" use="true" version="3.36.0.3" />
    </driver>
    <driver id="com.jetbrains.jdbc.sqlserver.SqlServerDriver" name="com.jetbrains.jdbc.sqlserver.SqlServerDriver" driver-class="com.jetbrains.jdbc.sqlserver.SqlServerDriver" />
  </component>
</application>